{
  "Total" : {
    "transaction" : "Total",
    "sampleCount" : 300,
    "errorCount" : 4,
    "errorPct" : 1.3333334,
    "meanResTime" : 328.3633333333334,
    "medianResTime" : 107.0,
    "minResTime" : 70.0,
    "maxResTime" : 2578.0,
    "pct1ResTime" : 1035.7000000000007,
    "pct2ResTime" : 1121.0999999999995,
    "pct3ResTime" : 2365.84,
    "throughput" : 116.36927851047324,
    "receivedKBytesPerSec" : 58.64943451803724,
    "sentKBytesPerSec" : 41.403522595034914
  },
  "Punch in" : {
    "transaction" : "Punch in",
    "sampleCount" : 100,
    "errorCount" : 3,
    "errorPct" : 3.0,
    "meanResTime" : 110.07,
    "medianResTime" : 97.5,
    "minResTime" : 70.0,
    "maxResTime" : 597.0,
    "pct1ResTime" : 130.8,
    "pct2ResTime" : 147.74999999999994,
    "pct3ResTime" : 596.3299999999997,
    "throughput" : 167.50418760469012,
    "receivedKBytesPerSec" : 73.17184882747068,
    "sentKBytesPerSec" : 61.996178810720274
  },
  "Login" : {
    "transaction" : "Login",
    "sampleCount" : 100,
    "errorCount" : 0,
    "errorPct" : 0.0,
    "meanResTime" : 771.6100000000002,
    "medianResTime" : 570.5,
    "minResTime" : 318.0,
    "maxResTime" : 2578.0,
    "pct1ResTime" : 1406.2000000000007,
    "pct2ResTime" : 2314.8499999999935,
    "pct3ResTime" : 2577.83,
    "throughput" : 38.78975950349108,
    "receivedKBytesPerSec" : 24.754988120636153,
    "sentKBytesPerSec" : 12.614247963537627
  },
  "Punch out" : {
    "transaction" : "Punch out",
    "sampleCount" : 100,
    "errorCount" : 1,
    "errorPct" : 1.0,
    "meanResTime" : 103.41000000000001,
    "medianResTime" : 89.0,
    "minResTime" : 70.0,
    "maxResTime" : 623.0,
    "pct1ResTime" : 119.0,
    "pct2ResTime" : 127.74999999999994,
    "pct3ResTime" : 621.7799999999994,
    "throughput" : 160.51364365971108,
    "receivedKBytesPerSec" : 70.13850571829856,
    "sentKBytesPerSec" : 59.72236155698234
  }
}